uniform,soft uniform,spacing,sparsity,hv,inner_product,cross_angle,pbi
0.048580262580484375,-0.03636293548556345,0.023539317394355955,0.007194106537881384,0.943280121815573,0.4435663652924225,1.873936697524409,0.5538780359858471
