uniform,soft uniform,spacing,sparsity,hv,inner_product,cross_angle,pbi
0.0007645450007035572,-0.1241643683799765,0.08727134284505256,0.013827953395292795,1.2212927737506423,0.27744576,1.9981598127747773,0.829366983473301
