uniform,soft uniform,spacing,sparsity,hv,inner_product,cross_angle,pbi
0.012065036708771642,-0.15658795382667196,0.020266028213466656,0.0013538908209373794,1.1635222007181443,0.2744246,0.4427704823904303,0.5864223189651966
