uniform,soft uniform,spacing,sparsity,hv,inner_product,cross_angle,pbi
0.0668490028507415,-0.04322786043863297,0.00556530113180899,0.009276561872902489,0.9888642195453724,0.29785973,1.2505183872227277,1.165682280063629
