uniform,soft uniform,spacing,sparsity,hv,inner_product,cross_angle,pbi
0.06024147625059705,-0.049978418258425625,0.008795574708178603,0.004957699183326447,0.916672174395876,0.43326969046523656,1.1993395034936851,0.5085701628651533
