uniform,soft uniform,spacing,sparsity,hv,inner_product,cross_angle,pbi
0.014499459536510698,-0.1556658266295829,0.02104824432936574,0.001465309795143906,1.1664807049995927,0.27537686,0.287048223247638,0.5861725382506847
