uniform,soft uniform,spacing,sparsity,hv,inner_product,cross_angle,pbi
0.04047317203355827,-0.06032625190396822,0.030296552762593555,0.0025413872051039585,1.031134456947626,0.24391823,0.7506181923080187,0.9942592501640319
