uniform,soft uniform,spacing,sparsity,hv,inner_product,cross_angle,pbi
0.00858825890689908,-0.1825785887334858,0.00433615625190556,0.00021850017318491812,1.1478672720510796,0.23276047,2.2598129701221645,0.5493040680885315
