uniform,soft uniform,spacing,sparsity,hv,inner_product,cross_angle,pbi
0.009145732447020868,-0.17768903913205786,0.005458587666658237,0.000308633236873417,1.1494745875123626,0.24477363,1.2784236763089925,0.31573419087799265
