uniform,soft uniform,spacing,sparsity,hv,inner_product,cross_angle,pbi
0.011046585584404354,-0.1775524256534167,0.004890731066316166,0.00029556545053486784,0.7575033148073631,0.24446134,1.2940144650590912,0.3156846329453401
