uniform,soft uniform,spacing,sparsity,hv,inner_product,cross_angle,pbi
0.007531450635823712,-0.18281614743965058,0.004102952370006949,0.00021155590920591795,1.1456370345839064,0.23323612,2.268280452809241,0.32521969275549056
