uniform,soft uniform,spacing,sparsity,hv,inner_product,cross_angle,pbi
0.05331496368005675,-0.05296111312240206,0.02322850200684814,0.003008893471334595,0.9073597836164718,0.4471175127549395,0.9888581537040991,0.5116400869553106
