uniform,soft uniform,spacing,sparsity,hv,inner_product,cross_angle,pbi
0.05928770088318447,-0.04561498700717952,0.0049352084738747085,0.00814079352074959,0.688269076654336,0.6263548848738498,0.585696971000121,0.6786732338718146
