uniform,soft uniform,spacing,sparsity,hv,inner_product,cross_angle,pbi
0.027248989601071128,-0.12930858042207477,0.021553824829701446,0.005792343137192013,0.687545825414891,0.6430013863168573,2.2205472642915485,0.8488116814027793
