uniform,soft uniform,spacing,sparsity,hv,inner_product,cross_angle,pbi
0.05601628850976937,-0.05403533951126364,0.007853279568293774,0.006075706617752807,0.9468508552143857,0.4319537623582246,1.100376373550593,0.49747068166472747
