uniform,soft uniform,spacing,sparsity,hv,inner_product,cross_angle,pbi
0.00830786732795145,-0.17717773003332504,0.008925380318496589,0.00039180194998429365,1.0712696531394044,0.34497185674116054,0.6806218491037026,0.3752631701044714
