uniform,soft uniform,spacing,sparsity,hv,inner_product,cross_angle,pbi
0.0005301984804176016,-0.2147265676046036,0.0010008541874888162,2.6514127743504926e-05,0.9755028623753154,0.38651517,0.06507656427835108,0.44682091288268566
