uniform,soft uniform,spacing,sparsity,hv,inner_product,cross_angle,pbi
0.00910800442980254,-0.1631848034355362,0.019166034360027458,0.0011167610677803145,1.169338430611798,0.26158848,0.5324152400712931,0.3103872466333996
