uniform,soft uniform,spacing,sparsity,hv,inner_product,cross_angle,pbi
0.011706491905626776,-0.16223462064922867,0.017549872106628544,0.0010610680775031678,1.1677874764567253,0.26316708,0.4307009935121952,0.5644395191222429
