uniform,soft uniform,spacing,sparsity,hv,inner_product,cross_angle,pbi
0.010848157159172513,-0.162395469292964,0.019070954361948333,0.001113187351147118,1.167346253980921,0.2640703,0.5414471958970668,0.31379119005796385
