uniform,soft uniform,spacing,sparsity,hv,inner_product,cross_angle,pbi
0.011188200765524058,-0.1625282442929526,0.016444361153834814,0.0009726816127805161,0.7743404450516606,0.26039115,0.5174635393823801,0.30925516129645986
