uniform,soft uniform,spacing,sparsity,hv,inner_product,cross_angle,pbi
0.04020507974963971,-0.06742499010025912,0.010418593871751257,0.002867518551739936,1.0393049361761977,0.34843802,9.002247826588274,1.0709997415542603
