uniform,soft uniform,spacing,sparsity,hv,inner_product,cross_angle,pbi
0.06147457440774796,-0.024563545621030823,0.05477841742640527,0.012263495214611897,0.666206534420579,0.6836330828831713,1.5518486995647878,0.8239878504277321
