uniform,soft uniform,spacing,sparsity,hv,inner_product,cross_angle,pbi
0.043726603311893444,-0.07091339561564257,0.007757513737415031,0.004750863207908962,1.0081608930733597,0.25602907,1.3717421013795357,1.0495696187019348
