uniform,soft uniform,spacing,sparsity,hv,inner_product,cross_angle,pbi
0.02765221642624488,-0.07053667112602487,0.03505083748259354,0.004944092033556367,1.1998143702067212,0.24540567,0.22993102314777727,0.5043300129473209
