uniform,soft uniform,spacing,sparsity,hv,inner_product,cross_angle,pbi
0.0946899938449501,-0.003353438175170273,0.010552545602616911,0.025896639830687018,0.912191860693019,0.5149077137765974,1.040313837145947,0.5892877176573593
