uniform,soft uniform,spacing,sparsity,hv,inner_product,cross_angle,pbi
0.04781990603120528,-0.05445278947162013,0.012038089249559054,0.005356121225616721,0.738358993522506,0.41087693,1.0677800921433824,1.7304167211055757
