uniform,soft uniform,spacing,sparsity,hv,inner_product,cross_angle,pbi
0.060781035183881435,-0.046962877880345796,0.004193681319782081,0.004685457012301386,0.6326027305087276,0.7026693661685298,0.4583575669474927,0.747508201142941
