uniform,soft uniform,spacing,sparsity,hv,inner_product,cross_angle,pbi
0.005796187453210722,-0.1668668578537807,0.02007251499110309,0.0010762164304940203,1.0966963064841875,0.3422046530165463,1.0931764017123733,0.3922604424775711
