uniform,soft uniform,spacing,sparsity,hv,inner_product,cross_angle,pbi
0.059498394204422655,-0.045601313514869506,0.0075805931173365485,0.005182757589533349,0.6316518960699211,0.6956548821449765,0.6806532894830445,0.7618154043560309
