uniform,soft uniform,spacing,sparsity,hv,inner_product,cross_angle,pbi
0.012726114791992545,-0.16258113190189555,0.01902082856539456,0.001150149370810608,1.1561205128128902,0.27197722,0.5687684236366621,0.5852778140455485
