uniform,soft uniform,spacing,sparsity,hv,inner_product,cross_angle,pbi
0.06155847625463077,-0.04691039438746053,0.029144668136039976,0.003917109935893078,0.731887907464087,0.42545494,0.6010305133735077,1.7881747484207153
