uniform,soft uniform,spacing,sparsity,hv,inner_product,cross_angle,pbi
0.04496440732268617,-0.041137828841587024,0.1172476143417933,0.03428854637817626,1.2455835267796034,0.29151705,1.377559443039935,0.791479637225469
