uniform,soft uniform,spacing,sparsity,hv,inner_product,cross_angle,pbi
0.009090940668162824,-0.17591373751564793,0.00771836805639171,0.00037059312946596503,1.079217818791214,0.34010724486373084,0.5225564873608863,0.3658808648909456
