uniform,soft uniform,spacing,sparsity,hv,inner_product,cross_angle,pbi
0.0010694472111118848,-0.12676218707267123,0.004338520111612612,0.000291522023433374,1.0507627013276135,0.34148282,0.22656790226217643,0.3972240500152111
