uniform,soft uniform,spacing,sparsity,hv,inner_product,cross_angle,pbi
0.06541775622587997,-0.0065515474226730454,0.11253363523906798,0.04023597878622494,1.2582644821778242,0.29083213,0.9008043801947906,0.7603986442089081
