uniform,soft uniform,spacing,sparsity,hv,inner_product,cross_angle,pbi
0.009883832744124925,-0.15938296875842986,0.023179397506762532,0.0015283514470347476,1.1740447461698615,0.26617286,0.4020202342796286,0.31300053867307726
