uniform,soft uniform,spacing,sparsity,hv,inner_product,cross_angle,pbi
0.013393067354201878,-0.1588264188277631,0.021811499113667827,0.0014541192703223624,1.1756014542264333,0.26544297,0.3496572936295351,0.5646628543734551
