uniform,soft uniform,spacing,sparsity,hv,inner_product,cross_angle,pbi
0.03976805895178512,-0.06143723698079655,0.02248053675913732,0.007869280338776985,0.7527671821982218,0.40686685,2.3712431863808976,1.7277017414569855
