uniform,soft uniform,spacing,sparsity,hv,inner_product,cross_angle,pbi
0.0698519387941297,-0.028295098891170035,0.030597631785907752,0.005473320042058916,0.857131249409357,0.520061200670092,1.4041419740235594,0.6237716785071121
