uniform,soft uniform,spacing,sparsity,hv,inner_product,cross_angle,pbi
0.07345319636403076,-0.0180426006273035,0.023490859610450894,0.007602237971780464,0.8434359812298965,0.5287339939662413,1.1442820673455338,0.6190213536777783
