uniform,soft uniform,spacing,sparsity,hv,inner_product,cross_angle,pbi
0.05443691809026697,-0.046063915624007926,0.012233919236686777,0.004994647954055154,1.1684868495449847,0.28692865,9.387550205537755,0.8962227672338485
