uniform,soft uniform,spacing,sparsity,hv,inner_product,cross_angle,pbi
0.0461794222004222,-0.071286317136266,0.003944954326310211,0.0026466392496868885,0.7790899646175601,0.38412228,1.0919435657984513,1.6177476525306702
