uniform,soft uniform,spacing,sparsity,hv,inner_product,cross_angle,pbi
0.009340317481202178,-0.17400759435411417,0.008350040997961002,0.0004176300636412657,1.0865977016606414,0.3387198484055848,0.6153721580847128,0.36564509550632074
