uniform,soft uniform,spacing,sparsity,hv,inner_product,cross_angle,pbi
0.009686782369082766,-0.18316576427542144,0.002831935875500079,0.0002541154299360235,1.133304321021083,0.2448492,2.164493823767113,0.58002999573946
