uniform,soft uniform,spacing,sparsity,hv,inner_product,cross_angle,pbi
0.028897414095056338,-0.06473707506499896,0.013123911477980522,0.0059649040885538795,0.7596735120400835,0.40400285,1.3837822751266635,1.7035536110401153
