uniform,soft uniform,spacing,sparsity,hv,inner_product,cross_angle,pbi
0.0002526864413308348,-0.2237498101017441,0.0001602512566354293,1.5987123005200068e-06,0.9573556774320024,0.38803527,0.6579064313424389,0.46683132499456403
