uniform,soft uniform,spacing,sparsity,hv,inner_product,cross_angle,pbi
0.060565937705499936,-0.041452653774095474,0.01256710674727666,0.006306744424463995,0.6566639562081487,0.6613724846531344,0.5211486584642326,0.7094302393506393
