uniform,soft uniform,spacing,sparsity,hv,inner_product,cross_angle,pbi
7.142477940395893e-05,-0.14878071440301657,0.0003003276022729941,1.8899304343733547e-08,0.9576191197493537,0.38660413,0.7673808970958792,0.4707837477326393
