uniform,soft uniform,spacing,sparsity,hv,inner_product,cross_angle,pbi
0.013689229352509219,-0.1564073169476173,0.018698790127189023,0.0012594972100828947,1.1663158702264433,0.27390885,0.33271934470205605,0.5852538228034974
