uniform,soft uniform,spacing,sparsity,hv,inner_product,cross_angle,pbi
0.009203777392612134,-0.18210501982907615,0.0034965504595080433,0.0002199162701264696,1.149501587179175,0.23316464,2.3076319266715886,0.5501620516180992
