uniform,soft uniform,spacing,sparsity,hv,inner_product,cross_angle,pbi
0.038892971196041466,-0.07808106769469908,0.004173341892917032,0.0020089653950221,1.0634583218834408,0.22744398,0.7267708326546416,0.9303546965122222
