uniform,soft uniform,spacing,sparsity,hv,inner_product,cross_angle,pbi
0.06269472836684002,-0.043592640819102066,0.010968125157970979,0.005521529409651449,0.98693544289519,0.29645514,0.8215894858775016,1.15482856631279
