uniform,soft uniform,spacing,sparsity,hv,inner_product,cross_angle,pbi
0.054677438751900516,-0.03680629125115576,0.01741349130734573,0.009182417000054824,1.004587585579669,0.29541364,0.7160334100743937,1.158450621366501
