uniform,soft uniform,spacing,sparsity,hv,inner_product,cross_angle,pbi
0.05358295422184094,-0.03377791457727127,0.0596806096961523,0.005976434859726505,0.9232617941642376,0.4881675559548538,1.2053377571892812,0.5638112020374036
