uniform,soft uniform,spacing,sparsity,hv,inner_product,cross_angle,pbi
0.003573443572988649,-0.08813331131269066,0.04504748730263611,0.004838648720526404,1.0370265654768653,0.33539963,2.041798982928407,0.7372568681836128
