uniform,soft uniform,spacing,sparsity,hv,inner_product,cross_angle,pbi
0.035864466322911834,-0.06663066455841085,0.026159397192332224,0.00190200397548268,1.0460096495709188,0.23873505,0.8815718670411508,0.9766033232212067
