uniform,soft uniform,spacing,sparsity,hv,inner_product,cross_angle,pbi
0.08109720927360468,-0.01686505738611647,0.018388038664135645,0.007093600598043093,0.5835759753951032,0.7107653010512642,0.5800237611398884,0.7723051951585361
