uniform,soft uniform,spacing,sparsity,hv,inner_product,cross_angle,pbi
0.03640014760673167,-0.07029625130639819,0.016922512094680296,0.0018589129424743482,1.0432602997477036,0.23798366,0.6381065361258799,0.9732067704200744
