uniform,soft uniform,spacing,sparsity,hv,inner_product,cross_angle,pbi
0.051313080631235575,-0.04524260560677397,0.009261247313395466,0.010136220415508879,0.9987682457552656,0.29638165,0.9855618334970917,1.1635841608047486
