uniform,soft uniform,spacing,sparsity,hv,inner_product,cross_angle,pbi
0.0015778827898631775,-0.2111243272877413,0.0018147554921617356,2.1150542364902863e-05,0.941674075253538,0.4262169667090787,0.4681652445716774,0.45447643375240876
