uniform,soft uniform,spacing,sparsity,hv,inner_product,cross_angle,pbi
0.000397043598111398,-0.1404202553370955,0.0007037033858884561,4.8284708892514894e-05,0.895831090706692,0.38635603,10.564931602763481,1.2268361151218414
