uniform,soft uniform,spacing,sparsity,hv,inner_product,cross_angle,pbi
0.04110927484646894,-0.07050726972946066,0.005183741037712776,0.005323109118394361,0.7510172248261076,0.39911696,1.535550452566843,1.6865736365318298
