uniform,soft uniform,spacing,sparsity,hv,inner_product,cross_angle,pbi
0.039001725256579946,-0.06658091300574938,0.009928611078620581,0.0016796320183628533,1.063949288952701,0.2299954,1.0603794586295754,0.9414086192846298
