uniform,soft uniform,spacing,sparsity,hv,inner_product,cross_angle,pbi
0.047303291820302115,-0.043781476722529876,0.1014604911509925,0.02784864391887294,1.243866825282112,0.28393027,1.7307395972736714,0.7860001350442568
