uniform,soft uniform,spacing,sparsity,hv,inner_product,cross_angle,pbi
0.004176134558475869,-0.12896246244937287,0.08152178995946763,0.012690359206940444,1.1982528020461343,0.352015161280561,2.8127598808027408,0.45307019837400614
