uniform,soft uniform,spacing,sparsity,hv,inner_product,cross_angle,pbi
0.05481821371963843,-0.05449664460967803,0.00893056754047063,0.005637995083866976,0.7781109210942646,0.38243303,0.725427941167069,1.6091733992099762
