uniform,soft uniform,spacing,sparsity,hv,inner_product,cross_angle,pbi
0.00932467815702456,-0.17567851630289472,0.008367361894089044,0.0003978689816673083,1.079926100763993,0.34107071629370467,0.6202324180504633,0.36834022104197917
