uniform,soft uniform,spacing,sparsity,hv,inner_product,cross_angle,pbi
0.05556699936021277,-0.04442373248917269,0.021519316013581584,0.006558507166539496,0.6682477981309293,0.6506426830165789,1.6946301693428083,0.8072737095812773
