uniform,soft uniform,spacing,sparsity,hv,inner_product,cross_angle,pbi
0.0059789199236453495,-0.19460521079333998,0.0023663234639007325,9.689902056919664e-05,1.0712808313193432,0.311390555452179,2.0069614932333932,0.4020362662395355
