uniform,soft uniform,spacing,sparsity,hv,inner_product,cross_angle,pbi
0.062322833189427496,0.0005679768815734537,0.04894946403021695,0.020097741216664328,0.9984157688738595,0.34161526,0.9910810918831092,1.358335906267166
