uniform,soft uniform,spacing,sparsity,hv,inner_product,cross_angle,pbi
0.05228574687124612,-0.05031548707424458,0.014059871299532898,0.005572544444378269,1.018158435585536,0.37696244214304614,2.82586216211699,0.5194890651618017
