uniform,soft uniform,spacing,sparsity,hv,inner_product,cross_angle,pbi
0.06083776180150332,-0.04096508138987027,0.027830973370124426,0.004011192980140077,0.9538686358624526,0.31719238,0.9227813577994667,1.2437346994876861
