uniform,soft uniform,spacing,sparsity,hv,inner_product,cross_angle,pbi
0.009319104147856035,-0.17875187888133354,0.0061935719664238465,0.0003010489950791581,1.0681668039209002,0.3463251189385349,0.38873445788552374,0.36490592578897507
