uniform,soft uniform,spacing,sparsity,hv,inner_product,cross_angle,pbi
0.061427966701161275,-0.04741102864009629,0.012698699046388784,0.00526218462345196,0.8976023124900201,0.46332601415911945,1.0024440128854148,0.5301160395409479
