uniform,soft uniform,spacing,sparsity,hv,inner_product,cross_angle,pbi
0.0774799053590191,-0.003819411770182594,0.11040012341737804,0.040349627697292736,1.2683963734712118,0.28856868,0.6028070575434701,0.7480617463588715
