uniform,soft uniform,spacing,sparsity,hv,inner_product,cross_angle,pbi
0.027790518873111045,-0.0730790599622354,0.018300375844648786,0.00909679583443368,0.9036531592228496,0.3772604972231893,22.467373866123133,1.6637180620811072
