uniform,soft uniform,spacing,sparsity,hv,inner_product,cross_angle,pbi
0.004926785845054237,-0.19815097542193771,0.003246241576575641,0.00015514454435740002,0.9355125283717202,0.35396624,3.6733488005847788,0.8762641727924347
