uniform,soft uniform,spacing,sparsity,hv,inner_product,cross_angle,pbi
0.050471183208969005,-0.05070628923499724,0.02876553086370058,0.006927452599530426,0.7506542367164118,0.40318584,0.6352822693920193,1.6940359592437744
