uniform,soft uniform,spacing,sparsity,hv,inner_product,cross_angle,pbi
0.007401526382526512,-0.17990147573863785,0.0068906175486252285,0.0002931493850772516,1.0616170705211787,0.3472251637512727,0.4199586611131316,0.367219010951985
