uniform,soft uniform,spacing,sparsity,hv,inner_product,cross_angle,pbi
0.04483581579527614,-0.06134849009343181,0.016135151255364768,0.002675987324605167,0.6386020505360746,0.6458369596881341,1.679227463708625,0.8008312493885155
