uniform,soft uniform,spacing,sparsity,hv,inner_product,cross_angle,pbi
0.001422055333891498,-0.21794168688588234,0.0008507623573806764,1.570282994780084e-05,1.0855733100556586,0.29157004,1.0146511206638027,0.35816890820860864
