uniform,soft uniform,spacing,sparsity,hv,inner_product,cross_angle,pbi
0.06034208261577829,-0.048697725459480035,0.005051102554679503,0.006840211770604713,0.7589240042659704,0.4132979,0.3994451143303591,1.7381920039653778
