uniform,soft uniform,spacing,sparsity,hv,inner_product,cross_angle,pbi
0.07529302719679735,-0.024667708063282855,0.012303399233750855,0.013993915487402179,0.896055463593733,0.5290907655114272,0.7285680768271993,0.5823955939869523
