uniform,soft uniform,spacing,sparsity,hv,inner_product,cross_angle,pbi
0.039028078695335755,-0.0692388137661821,0.009288430721104041,0.0029545746849948262,0.7482898566241547,0.4042825,1.296524936221596,1.7049690067768097
