uniform,soft uniform,spacing,sparsity,hv,inner_product,cross_angle,pbi
0.04540179186562052,-0.05858941572710948,0.007680857609744313,0.005863152417621291,0.9863167546306559,0.3928616519883244,1.0910129019157129,0.4522209579904904
