uniform,soft uniform,spacing,sparsity,hv,inner_product,cross_angle,pbi
0.052803058427118195,-0.04811995834568446,0.031599870883698325,0.006001506278469515,1.0203044708085043,0.2613141,1.337035483610269,1.0687478095293046
