uniform,soft uniform,spacing,sparsity,hv,inner_product,cross_angle,pbi
0.04909072016699048,-0.05896101913854622,0.008123443786230491,0.005932105703844985,0.7406137373440895,0.4019339,1.0427784106790043,1.6921901047229766
