uniform,soft uniform,spacing,sparsity,hv,inner_product,cross_angle,pbi
0.045674426650191814,-0.04462582163814056,0.05743060409542476,0.004169563606929809,0.8900345095866058,0.4681959911912559,1.6923100707809353,0.5867627288246828
