uniform,soft uniform,spacing,sparsity,hv,inner_product,cross_angle,pbi
0.005195254440719824,-0.19508436808696566,0.0026105344203644935,9.240830624077718e-05,1.0685888749415082,0.31099220887239454,2.010049790914613,0.40155839762969114
