uniform,soft uniform,spacing,sparsity,hv,inner_product,cross_angle,pbi
0.05282523582018908,-0.036195371774894756,0.015285826740656958,0.013041039291096679,0.9434343172341374,0.45125036501650867,1.4350728583876815,0.5405022472430705
