uniform,soft uniform,spacing,sparsity,hv,inner_product,cross_angle,pbi
0.05015682993476914,-0.05752273954732882,0.007285223815224747,0.004015115578835493,0.7168250630325317,0.5937059852178426,1.1741098003438644,0.6904598269005762
