uniform,soft uniform,spacing,sparsity,hv,inner_product,cross_angle,pbi
0.012019306994502552,-0.15921392186471237,0.02118891700754156,0.0013650209773278898,1.156306378185673,0.27544394,0.4214416293376105,0.5892247639596462
