uniform,soft uniform,spacing,sparsity,hv,inner_product,cross_angle,pbi
0.08268829844887601,-0.025171539831674743,0.015885147608671882,0.025631165465378025,0.747051169788567,0.42415047,0.5247619990268722,1.7839073836803436
