uniform,soft uniform,spacing,sparsity,hv,inner_product,cross_angle,pbi
0.03439587026493028,-0.06360412335139967,0.03675683276221238,0.00591231280496388,1.1699178938622854,0.3116486464967559,0.29979574295164707,0.32444626723671505
