uniform,soft uniform,spacing,sparsity,hv,inner_product,cross_angle,pbi
0.05354583684137089,-0.057691297025367946,0.0033015690644770616,0.0037383581116543496,0.7305362684632704,0.41870695,0.5083609698130855,1.7597716808319093
