uniform,soft uniform,spacing,sparsity,hv,inner_product,cross_angle,pbi
0.005410830665658446,-0.1953376594286253,0.002649550045967789,9.098265825919432e-05,1.06027875439202,0.3173370699951853,1.9356275544344512,0.4063906797973059
