uniform,soft uniform,spacing,sparsity,hv,inner_product,cross_angle,pbi
0.13282021025988405,0.05572265566393938,0.020836412296847823,0.027569749539151478,1.257969427529292,0.4285633,1.0000660952104639,0.4742462609894574
