uniform,soft uniform,spacing,sparsity,hv,inner_product,cross_angle,pbi
0.0032323143948288563,-0.12568474317172804,0.027340133109271577,0.003048498346811954,1.2148908836657595,0.2497631,2.748267051744753,0.3957416130928323
