uniform,soft uniform,spacing,sparsity,hv,inner_product,cross_angle,pbi
0.005484373752832759,-0.12592960988373356,0.027558476750130532,0.0037404595147088673,1.2154355294108525,0.24911897,2.8891401294167762,0.39848255933029575
