uniform,soft uniform,spacing,sparsity,hv,inner_product,cross_angle,pbi
0.0009377220927948694,-0.2135850795135819,0.0023532764549745607,1.868542093877292e-05,0.9436997120870744,0.41484308,0.336560676801356,0.48496001251041887
