uniform,soft uniform,spacing,sparsity,hv,inner_product,cross_angle,pbi
0.1152640928617384,0.028780777357390853,0.06692866961052316,0.0319701448259488,1.2415277693468063,0.38440958,1.8318880648441518,0.4663053314201534
