uniform,soft uniform,spacing,sparsity,hv,inner_product,cross_angle,pbi
0.0015690738135165348,-0.13246972142069321,0.08710233671256229,0.013799709399016346,1.1921216142978415,0.28620535,3.3240777314096177,0.8860501542687416
