uniform,soft uniform,spacing,sparsity,hv,inner_product,cross_angle,pbi
0.008817481153785844,-0.17771104877874846,0.007682992939960877,0.0003502955002825967,1.0689832075916978,0.3476939148016219,0.36380075239653914,0.36483126581993836
