uniform,soft uniform,spacing,sparsity,hv,inner_product,cross_angle,pbi
0.0012482144749055247,-0.18995886324037115,0.01659076583233193,0.000514728218897866,0.8930230558373067,0.49332352456022877,0.05860635151067739,0.4974840734092968
