uniform,soft uniform,spacing,sparsity,hv,inner_product,cross_angle,pbi
0.05940514032190706,-0.057019053616545315,0.00170940949901226,0.003847348979255205,0.724546404509442,0.4227996,0.3683433312929349,1.7770805954933167
