uniform,soft uniform,spacing,sparsity,hv,inner_product,cross_angle,pbi
0.005613927516020627,-0.12079348129777583,0.07091398437049742,0.010381952221029741,1.2352107448291343,0.2703665,1.8109747811350303,0.37792205745354296
