uniform,soft uniform,spacing,sparsity,hv,inner_product,cross_angle,pbi
0.004092730551676888,-0.12050829037457975,0.07214175111768005,0.010868371699227684,0.8196083111095134,0.27381676,1.772975736241893,0.37965492005459966
