uniform,soft uniform,spacing,sparsity,hv,inner_product,cross_angle,pbi
0.0037828812173997532,-0.1209499508073401,0.07939749113845149,0.013834341363667265,1.2323737201296943,0.27453157,1.8322247717463285,0.38072997134004255
