uniform,soft uniform,spacing,sparsity,hv,inner_product,cross_angle,pbi
0.007854880375715351,-0.1209085799420863,0.08519067521134871,0.013888384824804942,1.2323834429961877,0.27803367,1.593975482190105,0.38036585188820027
