uniform,soft uniform,spacing,sparsity,hv,inner_product,cross_angle,pbi
0.011462344657192002,-0.15992369874677886,0.023018419054126646,0.0014899715375560564,1.1661293310363723,0.26740164,0.39748854913827697,0.5690837413072586
