uniform,soft uniform,spacing,sparsity,hv,inner_product,cross_angle,pbi
0.049301204147656486,-0.06312226053596919,0.002371654140250392,0.006480265251329609,0.9960180618106461,0.26730394,1.223121040663049,1.0957258224487305
