uniform,soft uniform,spacing,sparsity,hv,inner_product,cross_angle,pbi
0.07301541913228671,-0.00927373049372505,0.037917292804181164,0.014134407061244886,1.2507086007588926,0.2540489,2.359600379217208,0.7488939166069031
