uniform,soft uniform,spacing,sparsity,hv,inner_product,cross_angle,pbi
0.05822804333900993,-0.03227365511146966,0.021517037202841677,0.0069618723934705695,0.9395057039043866,0.4306307563971168,1.3386531662438412,0.5121072297046743
