uniform,soft uniform,spacing,sparsity,hv,inner_product,cross_angle,pbi
0.0042805310844114715,-0.1890570210477684,0.005406859245457938,0.00018909461616816413,1.0591176523307875,0.27846405,2.3652387316230774,0.6667218834161759
