uniform,soft uniform,spacing,sparsity,hv,inner_product,cross_angle,pbi
0.03392813798619984,-0.06445300905519293,0.027812333514497824,0.00505640569726018,1.094846818347215,0.22317502,1.6247511343678707,0.9246254682540893
