uniform,soft uniform,spacing,sparsity,hv,inner_product,cross_angle,pbi
0.06320833990420376,-0.0387493219129066,0.012050683383653732,0.006221326876328703,0.5923838739572711,0.7188571473098408,0.4917526502343927,0.769048033083478
