uniform,soft uniform,spacing,sparsity,hv,inner_product,cross_angle,pbi
0.07493229213416906,-0.019246917128648566,0.0129658612915639,0.00884837468960964,0.8437216667009285,0.5401602940192526,0.8785664129603683,0.6083560991795054
