uniform,soft uniform,spacing,sparsity,hv,inner_product,cross_angle,pbi
0.06887517788910416,0.0063479625528733,0.13417976012351787,0.058787781522712204,1.0063245549241524,0.53140235,0.6576989795180734,1.0188177943229675
