uniform,soft uniform,spacing,sparsity,hv,inner_product,cross_angle,pbi
0.0007267721118209344,-0.2135581390829787,0.001832057474635729,1.5413195916464187e-05,0.9443138621386874,0.4149221,0.3275961053887631,0.48482734374701975
