uniform,soft uniform,spacing,sparsity,hv,inner_product,cross_angle,pbi
0.045852082091493156,-0.04581628819114449,0.03693880821371687,0.005806506790322574,0.966492385367787,0.4193996521690269,0.9836700413277946,0.4792083198219479
