uniform,soft uniform,spacing,sparsity,hv,inner_product,cross_angle,pbi
0.027135141196767572,-0.06506769635500084,0.04053982323287916,0.006196530207203999,1.1642324100822932,0.27576932,0.36527431402608557,0.5687295004725457
