uniform,soft uniform,spacing,sparsity,hv,inner_product,cross_angle,pbi
0.05971759655092172,-0.031035197260438917,0.026384692322165493,0.009825732836935774,0.644321668469108,0.6859097204797054,0.36232794831834936,0.720995459417588
