uniform,soft uniform,spacing,sparsity,hv,inner_product,cross_angle,pbi
0.001733439487908496,-0.12387213615425108,0.07852921762506321,0.012038227266395597,1.2245191796537196,0.275066,1.6688629787252487,0.8242092654109001
