uniform,soft uniform,spacing,sparsity,hv,inner_product,cross_angle,pbi
0.0837316314500112,0.024635671621040058,0.05600665063755231,0.052712635185430345,0.8782730635209549,0.5475159728036038,2.4079511888439646,0.7479448034156688
