uniform,soft uniform,spacing,sparsity,hv,inner_product,cross_angle,pbi
0.04017044309701683,-0.06553706320981903,0.01499972940332306,0.0034270673154680096,1.0225465969320118,0.35566392458309887,1.7750456777224959,0.4446605341857783
