uniform,soft uniform,spacing,sparsity,hv,inner_product,cross_angle,pbi
0.06116429693512941,-0.05551850141435015,0.0026975513454306956,0.006205642925619277,0.7063153560281331,0.618008591603445,1.0942600389423582,0.7124986806732441
