uniform,soft uniform,spacing,sparsity,hv,inner_product,cross_angle,pbi
0.04554326740026047,-0.04042877692440978,0.06933284028891244,0.0023871368361452205,0.9357181343977196,0.4396839419677641,1.3160581628381813,0.535008774165745
