uniform,soft uniform,spacing,sparsity,hv,inner_product,cross_angle,pbi
0.034742754748899,-0.071414587226505,0.02012523813849581,0.004348990012162823,1.079398347757964,0.22274747,1.128334545314051,0.912980592250824
