uniform,soft uniform,spacing,sparsity,hv,inner_product,cross_angle,pbi
0.045044100302986695,-0.06930205547103416,0.005905666273625039,0.002884171276872627,1.0476801962653568,0.2440587,0.6396594304270665,1.0002977102994919
