uniform,soft uniform,spacing,sparsity,hv,inner_product,cross_angle,pbi
0.001340846045943629,-0.20959801343025605,0.001874439202023354,2.6351908696946854e-05,0.9443971659465893,0.4264898674423706,0.4743576434998304,0.45515511186573565
