uniform,soft uniform,spacing,sparsity,hv,inner_product,cross_angle,pbi
0.07888509840930528,-0.022169354365989,0.011098470465358595,0.008313120793602358,0.8652184441171655,0.5304270902783246,0.7502665309331371,0.5871889405663347
