uniform,soft uniform,spacing,sparsity,hv,inner_product,cross_angle,pbi
0.002343553904125742,-0.20011134489960405,0.004835144769600031,0.00020747347105335207,1.0577450210840595,0.34312797,0.1600631402072789,0.39635364022105934
