uniform,soft uniform,spacing,sparsity,hv,inner_product,cross_angle,pbi
0.05735493899750775,-0.04959017608815281,0.00373846339650754,0.008552295879981001,1.0202943821973907,0.2860465,1.1028405536815122,1.1200919926166535
