uniform,soft uniform,spacing,sparsity,hv,inner_product,cross_angle,pbi
0.002023732407800632,-0.19545106114714705,0.012077069129173909,0.0002906823983658736,0.8898167743625651,0.48703928841112026,0.09187362913580774,0.4933994419946181
