uniform,soft uniform,spacing,sparsity,hv,inner_product,cross_angle,pbi
0.06805729324886306,-0.013068720943631299,0.04964119806976716,0.020937091970307353,0.9850896331659723,0.35106048,1.5441839260469326,1.3873395383358003
