uniform,soft uniform,spacing,sparsity,hv,inner_product,cross_angle,pbi
0.044856400906923215,-0.04054844503564191,0.10465537213434908,0.02932263913532348,1.2521590761550736,0.2846358,1.0960119127659151,0.7773800119757652
