uniform,soft uniform,spacing,sparsity,hv,inner_product,cross_angle,pbi
0.056321445946998824,-0.03725128881851816,0.046841150370755744,0.004497913245765946,0.866237447332007,0.4887272256600779,3.0208631654827816,0.6785056554734881
