uniform,soft uniform,spacing,sparsity,hv,inner_product,cross_angle,pbi
0.0002552814784792336,-0.14546821219155498,0.000440295175744547,2.899663998205378e-05,0.82313436298999,0.4314672,10.187669474322625,1.3371459409594535
