uniform,soft uniform,spacing,sparsity,hv,inner_product,cross_angle,pbi
0.0035617750790971027,-0.16494571774043734,0.019992053662474047,0.0010796519578452441,1.1600484958239798,0.26170594,0.6368781015291661,0.3130976520944387
