uniform,soft uniform,spacing,sparsity,hv,inner_product,cross_angle,pbi
0.010311222960051889,-0.1635438420475827,0.019250029346464984,0.0011100863860968842,0.7713465802850771,0.26117435,0.5220355361576663,0.3097037967083452
