uniform,soft uniform,spacing,sparsity,hv,inner_product,cross_angle,pbi
0.008744462532132801,-0.16401605620684512,0.01951858427341384,0.001111783667315793,1.1609069178076883,0.26363927,0.5380086063415008,0.3130187608883716
