uniform,soft uniform,spacing,sparsity,hv,inner_product,cross_angle,pbi
0.010354347153417019,-0.1627404640134507,0.017119658716780603,0.0010434259711234119,1.1701620625262186,0.2638273,0.5570052831763521,0.5669097289443016
