uniform,soft uniform,spacing,sparsity,hv,inner_product,cross_angle,pbi
0.047966381300793115,-0.07013090480046583,0.003725825708850717,0.0028712220134393673,1.0163952016858155,0.37020418394644505,1.2208930513587646,0.4340910919308308
