uniform,soft uniform,spacing,sparsity,hv,inner_product,cross_angle,pbi
0.05084624154537683,-0.03856158514426185,0.014467254827773836,0.008124738367953688,0.905747339653322,0.4700762889756091,1.0152748537135607,0.537972200240038
