uniform,soft uniform,spacing,sparsity,hv,inner_product,cross_angle,pbi
0.03306487154195592,-0.07605262451465414,0.017540902797965503,0.004855650580158355,1.1045722384458205,0.21561572,2.0675731475787904,0.8944761872291564
