uniform,soft uniform,spacing,sparsity,hv,inner_product,cross_angle,pbi
0.06583609984183748,-0.03673386542394835,0.002402826408842998,0.012405284290587145,0.6103418829201005,0.6990754864677967,0.5900338203024049,0.7581655763197098
