uniform,soft uniform,spacing,sparsity,hv,inner_product,cross_angle,pbi
0.008076745804856894,-0.18184684436142312,0.004296364535567767,0.0002309517223205499,1.147839998755613,0.23351887,2.26545451526427,0.5509348452091217
