uniform,soft uniform,spacing,sparsity,hv,inner_product,cross_angle,pbi
0.03687740706248202,-0.05949176742329697,0.034061271014937014,0.004527969616831884,1.0782483606745832,0.22386475,1.707975292818373,0.9157077193260192
