uniform,soft uniform,spacing,sparsity,hv,inner_product,cross_angle,pbi
0.04562159475141703,-0.0730093827175429,0.003880982392944289,0.0036945272911216667,1.0443641124324121,0.2413654,1.0291234186184899,0.9906812936067582
