uniform,soft uniform,spacing,sparsity,hv,inner_product,cross_angle,pbi
0.04839618508493912,-0.09107745231763825,0.06920176302786848,0.012314897738280761,0.6486983117931658,0.7462777905356648,1.5654264340259214,0.9135012160422941
