uniform,soft uniform,spacing,sparsity,hv,inner_product,cross_angle,pbi
0.00156465120068194,-0.16789035340427547,0.02301240618526047,0.0012237092039062087,1.0814206948663065,0.30843666,1.0083458504963971,0.6751052759587765
