uniform,soft uniform,spacing,sparsity,hv,inner_product,cross_angle,pbi
0.011751287086442493,-0.15682072465562905,0.01763856636086803,0.0012065798912654446,1.162629989133317,0.27503473,0.3206138350657568,0.5878769516944885
