uniform,soft uniform,spacing,sparsity,hv,inner_product,cross_angle,pbi
0.06124204388533241,-0.034889339549061336,0.09853655520321969,0.00420107494779239,0.9703075125013437,0.33591622,0.6488829120332069,1.3176983058452607
