uniform,soft uniform,spacing,sparsity,hv,inner_product,cross_angle,pbi
0.05023972922654887,-0.06394651073989674,0.005020619172428049,0.005674325626976599,0.6902933053769518,0.6024541553414597,1.5603629246897461,0.7353745165086337
