uniform,soft uniform,spacing,sparsity,hv,inner_product,cross_angle,pbi
0.012227132559418293,-0.15818863778094,0.01958816837159461,0.0012790548083257954,1.1497313070146404,0.28147233,0.24877578801214115,0.6036971978843212
