uniform,soft uniform,spacing,sparsity,hv,inner_product,cross_angle,pbi
0.0669813095958021,-0.030519930299929186,0.008951322616475186,0.013990132434867316,0.9107581052270688,0.500145407234827,1.4283294808392124,0.6009873612792394
