uniform,soft uniform,spacing,sparsity,hv,inner_product,cross_angle,pbi
0.0236438627418976,-0.06433205322265338,0.019349265860626054,0.0054871355613298105,0.9666592616391936,0.29273272,3.085879395774419,1.18563392162323
