uniform,soft uniform,spacing,sparsity,hv,inner_product,cross_angle,pbi
0.0017292708598846776,-0.18537253394034742,0.0429093518496876,0.006506510630421526,0.9376576831434523,0.39358145,4.08593071683391,0.9398835361003876
