uniform,soft uniform,spacing,sparsity,hv,inner_product,cross_angle,pbi
0.043794240861614174,-0.0594674125988338,0.029113274593572804,0.006028175084276777,1.0224264337558144,0.2545124,1.1730369487833243,1.0427530229091644
