uniform,soft uniform,spacing,sparsity,hv,inner_product,cross_angle,pbi
0.0035462777474415605,-0.1024355947171911,0.019800515645774674,0.0006676562153757892,1.1343332286790715,0.28575987,0.6365674055823508,0.3063191517619998
