uniform,soft uniform,spacing,sparsity,hv,inner_product,cross_angle,pbi
0.002310296093518532,-0.19968276141856406,0.008755809840361171,2.3813587995228595e-05,1.1589924596035284,0.24905853,1.3278140585876286,0.31172544285655024
