uniform,soft uniform,spacing,sparsity,hv,inner_product,cross_angle,pbi
0.00635738492308669,-0.12036392018524611,0.07713711525524511,0.012053124870332253,1.2352723416521922,0.27663463,1.6370473109886905,0.8220398634672165
