uniform,soft uniform,spacing,sparsity,hv,inner_product,cross_angle,pbi
0.0058407426437115375,-0.16325612603484815,0.042764536123134654,0.0032414530389006753,1.1050198773017201,0.351571788540329,1.1620185860399768,0.3989598223625892
