uniform,soft uniform,spacing,sparsity,hv,inner_product,cross_angle,pbi
0.005647337691991219,-0.16389543201791404,0.01859103435834515,0.0010484364905945034,0.7692794545533229,0.26227087,0.6111713463923047,0.31340206002641935
