uniform,soft uniform,spacing,sparsity,hv,inner_product,cross_angle,pbi
0.012324238560385682,-0.16098613768222375,0.016801778088366973,0.0010478896742465377,1.1729483017320768,0.26232374,0.36560531496052495,0.3078389295100351
