uniform,soft uniform,spacing,sparsity,hv,inner_product,cross_angle,pbi
0.012607657048118363,-0.1622692802809139,0.016349955011759735,0.0009903438495179012,1.172210510540139,0.26104617,0.49726397702632424,0.309539166673494
