uniform,soft uniform,spacing,sparsity,hv,inner_product,cross_angle,pbi
0.011815144563526597,-0.16218896439454647,0.018426771170674355,0.001113254731649603,1.171409806957928,0.2633708,0.47500822666537845,0.48976802481338383
