uniform,soft uniform,spacing,sparsity,hv,inner_product,cross_angle,pbi
0.0511956970834837,-0.05467087645350157,0.0062533582792124905,0.007404315502865281,0.9748944234490663,0.41975124061646635,2.2159171571744727,0.5462765944518152
