uniform,soft uniform,spacing,sparsity,hv,inner_product,cross_angle,pbi
0.007091480093621821,-0.12010682335448905,0.057631011453553586,0.008096274713184947,1.2327947750809667,0.2698916,1.6387778535264097,0.37954557762714103
