uniform,soft uniform,spacing,sparsity,hv,inner_product,cross_angle,pbi
0.008199356096619025,-0.12073181697297793,0.0799915794670889,0.012692725725366623,1.2340803500580058,0.27769193,1.6999381143420051,0.38304199392150623
