uniform,soft uniform,spacing,sparsity,hv,inner_product,cross_angle,pbi
0.06101044054471225,-0.032437823384876184,0.03022673803432647,0.012550629811998615,0.6557338159231695,0.6810398062020588,0.599141776270596,0.7368586062568947
