uniform,soft uniform,spacing,sparsity,hv,inner_product,cross_angle,pbi
0.00042157329260692004,-0.13612640345431157,0.03470508011827616,0.003871013324717766,1.1776480682249988,0.2553212,4.3465791436319465,0.8605206340551377
