uniform,soft uniform,spacing,sparsity,hv,inner_product,cross_angle,pbi
0.0079166830350341,-0.17537089626741936,0.008529288505693703,0.0003989177737013998,1.0788594777815064,0.3419186133107678,0.6518099859785829,0.37066671613410357
