uniform,soft uniform,spacing,sparsity,hv,inner_product,cross_angle,pbi
0.0003186072987385218,-0.20663472473339106,0.002004002968755024,4.9109937750621546e-05,0.9887534496329505,0.38554803,0.2256179654115039,0.4473642587661743
