uniform,soft uniform,spacing,sparsity,hv,inner_product,cross_angle,pbi
0.052536366264332654,-0.053672969999393194,0.011087407615523119,0.004221329312775315,1.188477444491306,0.31470186,0.5747027168778198,0.3363466864451766
