uniform,soft uniform,spacing,sparsity,hv,inner_product,cross_angle,pbi
0.06978781548325586,-0.003994122131215464,0.11790930039122482,0.04337349404735526,1.257792195712372,0.29471087,0.9192002106395598,0.7642088145017624
