uniform,soft uniform,spacing,sparsity,hv,inner_product,cross_angle,pbi
0.04513224463970296,-0.041516883309232484,0.11148996452188252,0.03165557277934604,1.245233222851115,0.2876858,1.4033705791470688,0.7857414359847704
