uniform,soft uniform,spacing,sparsity,hv,inner_product,cross_angle,pbi
0.023510309432585436,-0.09586950929010675,0.0068960275400797525,0.0010479236241322173,1.1876482738793626,0.21185541,2.4503932189992432,0.4963706970214844
