uniform,soft uniform,spacing,sparsity,hv,inner_product,cross_angle,pbi
0.013968769332978768,-0.16165161841066783,0.017522224829046685,0.0010928916536821214,1.176252733998807,0.26092708,0.42783229827996444,0.3076424974213296
