uniform,soft uniform,spacing,sparsity,hv,inner_product,cross_angle,pbi
0.007923358761814337,-0.1623876199464233,0.016541022036550754,0.0009624403002462885,0.7735544390872096,0.26034492,0.4933512209354752,0.3084773468552157
