uniform,soft uniform,spacing,sparsity,hv,inner_product,cross_angle,pbi
0.010735460471812213,-0.16223072570554103,0.01727123112244862,0.0010387563927824334,1.1667546780401317,0.26392198,0.508791775294859,0.5664951778948307
