uniform,soft uniform,spacing,sparsity,hv,inner_product,cross_angle,pbi
0.013175239675947694,-0.1621434737269168,0.018111303866653935,0.00111115337241753,1.1697832546706672,0.26372403,0.4680869304875842,0.31163935115910135
