uniform,soft uniform,spacing,sparsity,hv,inner_product,cross_angle,pbi
0.024361715543769,-0.06990453414624151,0.09788471912644837,0.020325889585969942,1.1920036900785196,0.27544588,0.45102697014084614,0.5398569971323013
