uniform,soft uniform,spacing,sparsity,hv,inner_product,cross_angle,pbi
0.05345175059657599,-0.04320296255341383,0.008128782798952475,0.010622970033590048,1.001857167822874,0.30541652,1.0686085286124576,1.199524188041687
