uniform,soft uniform,spacing,sparsity,hv,inner_product,cross_angle,pbi
0.007930784529035787,-0.1812120176298196,0.003743892467511291,0.00022844997091149411,1.1547790435727816,0.23239207,2.3387964711253533,0.5483945146203041
