uniform,soft uniform,spacing,sparsity,hv,inner_product,cross_angle,pbi
0.001305560487889095,-0.16784010526696985,0.10676648835311664,0.017691656387404404,1.07718639540168,0.33562165,1.1214958555851684,0.7059525929391384
