uniform,soft uniform,spacing,sparsity,hv,inner_product,cross_angle,pbi
0.0022595751988078983,-0.2055508644255486,0.002642942889936441,7.526840156036016e-05,0.990958331805476,0.3868159,0.1902678255665316,0.44802530873566865
