uniform,soft uniform,spacing,sparsity,hv,inner_product,cross_angle,pbi
0.00016191094802159008,-0.14694980830120655,0.0014456876105376146,1.0278666928257804e-05,0.8807805005917312,0.3912054,10.675881393681319,1.2397081233561038
