uniform,soft uniform,spacing,sparsity,hv,inner_product,cross_angle,pbi
0.002478026237593175,-0.16818355557148124,0.0230209297928311,0.0012414549569585358,1.0825004831653808,0.3069513,1.0619646755790975,0.671497543156147
