uniform,soft uniform,spacing,sparsity,hv,inner_product,cross_angle,pbi
0.00014276021281846643,-0.14896522380483518,0.00027888086763872607,2.360260629638881e-06,0.9446055958863174,0.40416998,0.7738873846030339,0.48251553624868393
