uniform,soft uniform,spacing,sparsity,hv,inner_product,cross_angle,pbi
0.05097272226235743,-0.05753386967130399,0.007579476163708261,0.004005562971765464,0.6430325828215133,0.6572291431288553,1.3530083741906813,0.7823926444622327
