uniform,soft uniform,spacing,sparsity,hv,inner_product,cross_angle,pbi
0.062111158907182565,-0.04104958238868223,0.005717815677810283,0.008729378483168126,0.6123355450817421,0.7079975738994986,0.7416682452035601,0.7815683384879293
