uniform,soft uniform,spacing,sparsity,hv,inner_product,cross_angle,pbi
0.005179960027975987,-0.19388487777033198,0.002395156859397319,0.00010063006178831028,1.0766959846218678,0.30709634190219903,2.08724432646229,0.39997629763378095
