uniform,soft uniform,spacing,sparsity,hv,inner_product,cross_angle,pbi
0.1005318495970713,-0.009746505753085822,0.0046403269532079424,0.014973211909212969,0.8811989480094476,0.5200631564777256,0.6225812777377074,0.5653952486416601
