uniform,soft uniform,spacing,sparsity,hv,inner_product,cross_angle,pbi
0.034491849100186975,-0.012448108387141719,0.08982204524706065,0.045036147889443934,0.9695846794266533,0.52391917,1.3799817326715484,1.0458468675613404
