uniform,soft uniform,spacing,sparsity,hv,inner_product,cross_angle,pbi
0.009437793447205727,-0.09703023379487266,0.04400038618627299,0.00011286806451693727,1.241410944878156,0.21123394,1.508377547256036,0.2698295176029205
