uniform,soft uniform,spacing,sparsity,hv,inner_product,cross_angle,pbi
0.042996614080449205,-0.06890153661093532,0.014883129741686306,0.007937574766603395,1.0436412285342194,0.35086661257906465,2.1097324212628448,0.44636588425599977
