uniform,soft uniform,spacing,sparsity,hv,inner_product,cross_angle,pbi
0.00752163151219443,-0.17676302606588407,0.007746555188123702,0.0003556235920375622,1.0763425197220484,0.34073872849330467,0.5625470175840667,0.3681641886561102
