uniform,soft uniform,spacing,sparsity,hv,inner_product,cross_angle,pbi
0.00023513250134348583,-0.14683415928730373,0.0020966508158049278,3.249531435933761e-05,1.1068630010744438,0.18568002,13.826959422823322,0.7302253127098084
