uniform,soft uniform,spacing,sparsity,hv,inner_product,cross_angle,pbi
0.05262089549901564,-0.04987510069448003,0.0061578197004604155,0.0102477459780832,0.955355240989574,0.41019614177227837,0.9200040990300506,0.4657840779153034
