uniform,soft uniform,spacing,sparsity,hv,inner_product,cross_angle,pbi
0.030707211345139002,-0.05031214195107131,0.10695518488334535,0.006856344030784278,0.8467377219940844,0.5090151423295215,15.29939962040612,1.5654223244009706
