uniform,soft uniform,spacing,sparsity,hv,inner_product,cross_angle,pbi
0.03357854473910472,-0.07472614898509929,0.00985335783624699,0.005070231062620796,1.0401283797223488,0.23563011,1.9601721303587922,0.9719342201948166
