uniform,soft uniform,spacing,sparsity,hv,inner_product,cross_angle,pbi
0.005408951500252667,-0.1284798893467404,0.08523612285017897,0.01360412651067907,1.1992018766355121,0.3526525946532241,2.823920022124893,0.45452597100916103
