uniform,soft uniform,spacing,sparsity,hv,inner_product,cross_angle,pbi
0.0018358152790695114,-0.20474536415731942,0.005603066076126175,0.00021932762769343597,1.0910475136199904,0.31002733,0.16156148294854672,0.3583797480911016
