uniform,soft uniform,spacing,sparsity,hv,inner_product,cross_angle,pbi
0.04914124410584741,-0.05470787186782848,0.008786469876917473,0.003869476172058935,1.2032826487398487,0.2987464,0.5408385623289944,0.3179455464705825
