uniform,soft uniform,spacing,sparsity,hv,inner_product,cross_angle,pbi
0.036963840308021294,-0.06678090809646291,0.0411045290692143,0.00317822368718379,1.0344095375216198,0.3471176890518294,1.7464009045503819,0.4300917790094189
