uniform,soft uniform,spacing,sparsity,hv,inner_product,cross_angle,pbi
0.012112405143932886,-0.16181749115290037,0.018218425771594843,0.0011188657378423726,1.169299337533275,0.2639733,0.4840988716111735,0.565765806287527
