uniform,soft uniform,spacing,sparsity,hv,inner_product,cross_angle,pbi
0.04168563148353907,-0.06939315522105745,0.017073423522182923,0.004381850206067665,1.098161243840245,0.23054066,0.6529267018228698,0.9469403088092804
