uniform,soft uniform,spacing,sparsity,hv,inner_product,cross_angle,pbi
0.055661726758489675,-0.035843501746898966,0.02575824724749247,0.00778450444447254,0.9825607787861073,0.29383847,0.8798381931226421,1.139733749628067
