uniform,soft uniform,spacing,sparsity,hv,inner_product,cross_angle,pbi
0.0009027946693016306,-0.21410288350130902,0.0016346770356368413,1.861046128636307e-05,0.9415724115629187,0.4150043,0.15931050947751554,0.4809117618948221
