uniform,soft uniform,spacing,sparsity,hv,inner_product,cross_angle,pbi
0.0025117786494962195,-0.1890577415651492,0.014331954812673126,0.0004437888016614094,0.8926315493216168,0.49527906774848196,0.06360368748344011,0.4997398195269847
