uniform,soft uniform,spacing,sparsity,hv,inner_product,cross_angle,pbi
0.0003633403779666784,-0.22059254542512594,0.000698719090655698,1.0128813157343127e-05,1.0112639130904353,0.34951314,0.6717337145465504,0.42051280960440635
