uniform,soft uniform,spacing,sparsity,hv,inner_product,cross_angle,pbi
0.04672806652001094,-0.053453963132502356,0.03998843588530486,0,1.0333908278444415,0.24217358,1.7455324036523918,0.9895167618989944
