uniform,soft uniform,spacing,sparsity,hv,inner_product,cross_angle,pbi
0.04124766420320763,-0.102090050922327,0.01912642946630789,0.009203551733380758,0.6247013806074753,0.7372264868785838,1.559597246826613,0.9007915764615678
