uniform,soft uniform,spacing,sparsity,hv,inner_product,cross_angle,pbi
0.1067583035053064,0.016977239148579803,0.016976246417279964,0.011397335367331118,0.8478754915253849,0.5659490605181239,1.7726135162924561,0.714076552676051
