uniform,soft uniform,spacing,sparsity,hv,inner_product,cross_angle,pbi
0.05924740798718013,-0.0284099355781733,0.029280668718061145,0.008433046323531293,0.9709846709734377,0.3332734,1.4568485748342188,1.304703986644745
