uniform,soft uniform,spacing,sparsity,hv,inner_product,cross_angle,pbi
0.030104949203056928,-0.0643899018187266,0.03954516375357371,0.006145289018910878,1.1662802814897817,0.3126580407783078,0.3782858500143346,0.3285965875938514
