uniform,soft uniform,spacing,sparsity,hv,inner_product,cross_angle,pbi
0.08043778254403004,-0.025398530198514672,0.0035024847262122988,0.0075512524536014425,0.8786557128074461,0.5168176345250985,1.0183505211744033,0.5910364818836283
