uniform,soft uniform,spacing,sparsity,hv,inner_product,cross_angle,pbi
0.0027226956432078375,-0.12921343465915575,0.08505466540428848,0.013410195070306875,1.1957827629287352,0.3525508674338747,2.922252494194635,0.45735398173712893
