uniform,soft uniform,spacing,sparsity,hv,inner_product,cross_angle,pbi
0.07230019683493347,0.010063378509396306,0.06326764912685866,0.013802955834865646,0.8907826268256686,0.5413305340330432,1.6668714855707296,0.6722015454740689
