uniform,soft uniform,spacing,sparsity,hv,inner_product,cross_angle,pbi
0.035677975274666936,-0.06172724611556431,0.019567822236736396,0.015587836945704203,1.0263527471639509,0.27608234,2.451085373437504,1.0941325306892395
