uniform,soft uniform,spacing,sparsity,hv,inner_product,cross_angle,pbi
0.07012711293778442,-0.041874895783535614,0.0017355823013276567,0.005269105311609901,0.9389385873449602,0.44882893794564244,1.2040206682032983,0.5275670537853228
