uniform,soft uniform,spacing,sparsity,hv,inner_product,cross_angle,pbi
0.047496847011658294,-0.0664111595122562,0.0024640283834419102,0.004867245695698704,0.735871880905367,0.41031975,1.1870957818848449,1.7290562570095063
