uniform,soft uniform,spacing,sparsity,hv,inner_product,cross_angle,pbi
0.05057722530812001,-0.057925650947779184,0.012305951298083007,0.004441428200439468,0.6955176041024151,0.6188134450143425,1.60307729913164,0.7560087355984819
