uniform,soft uniform,spacing,sparsity,hv,inner_product,cross_angle,pbi
0.0378797488492628,-0.06313597912562433,0.010754546631625363,0.0036303015613652345,0.7071620565630606,0.5938945184321623,1.1854784126486875,0.6922233995219202
