uniform,soft uniform,spacing,sparsity,hv,inner_product,cross_angle,pbi
0.020262539452696796,-0.10345693282905508,0.014089179542082012,0.003086216437570677,0.6334509840236049,0.6119795634760257,9.120731194512597,1.3982564154974741
