uniform,soft uniform,spacing,sparsity,hv,inner_product,cross_angle,pbi
0.0018565247461195685,-0.12494374185908377,0.010473713070408994,0.003668114225358763,1.2189475635719687,0.2086176,0.6806691687319033,0.2484953634440899
