uniform,soft uniform,spacing,sparsity,hv,inner_product,cross_angle,pbi
0.007957755429209951,-0.12011017882571765,0.0805922260813047,0.01283308599941104,1.2383213000036273,0.27458453,1.1936298867521689,0.36609837498981507
