uniform,soft uniform,spacing,sparsity,hv,inner_product,cross_angle,pbi
0.006689523997272052,-0.11969334306743835,0.07525714298265701,0.011606145500420287,1.2368484983021888,0.2742732,1.2356113462774743,0.3674965883868936
