uniform,soft uniform,spacing,sparsity,hv,inner_product,cross_angle,pbi
0.011777489881822268,-0.15671072620837442,0.018726508560511078,0.0012444416939700986,1.1624294629604,0.27404097,0.36512388677854274,0.3230664827802684
