uniform,soft uniform,spacing,sparsity,hv,inner_product,cross_angle,pbi
0.016177194890027988,-0.15666359228035914,0.018271393208875015,0.0012551902025382865,1.1672054833633845,0.2736023,0.36105006174560655,0.3225289394380525
