uniform,soft uniform,spacing,sparsity,hv,inner_product,cross_angle,pbi
0.012159139140978555,-0.15700660616462542,0.01765222877079779,0.001181771681729257,0.767198870674014,0.27348506,0.3707049165207087,0.322862868217635
