uniform,soft uniform,spacing,sparsity,hv,inner_product,cross_angle,pbi
0.012417392136457064,-0.1558822204466374,0.019271448740254153,0.0013372571228156228,1.1673299189293707,0.27482238,0.3612740399976371,0.5859688200056553
