uniform,soft uniform,spacing,sparsity,hv,inner_product,cross_angle,pbi
0.001131612568498781,-0.21864307105319206,0.0014625859366256232,2.7177188285650283e-05,1.1398841500042607,0.24906683,1.3006771632937568,0.31236870400607586
