uniform,soft uniform,spacing,sparsity,hv,inner_product,cross_angle,pbi
0.05876371363238637,-0.03312121608557144,0.019537076692409228,0.01887192163970397,0.6723064491866687,0.45014614,0.5447641105757857,1.8901769518852234
