uniform,soft uniform,spacing,sparsity,hv,inner_product,cross_angle,pbi
0.008572181279621418,-0.18210946164670092,0.0036427737980094478,0.00021602369650975919,1.14768272301019,0.23373243,2.288258846282982,0.5518052950501442
