uniform,soft uniform,spacing,sparsity,hv,inner_product,cross_angle,pbi
0.0442572897651444,-0.058981823548845756,0.008636949863077491,0.004101386337545569,0.9841939129184619,0.28688702,2.246970892771726,1.136715441942215
