uniform,soft uniform,spacing,sparsity,hv,inner_product,cross_angle,pbi
0.03757671548051392,-0.0635862665860599,0.022306324729458243,0.01491487439652639,1.074650203167632,0.23320612,1.0187002826769584,0.9553254783153534
