uniform,soft uniform,spacing,sparsity,hv,inner_product,cross_angle,pbi
0.00857022892031817,-0.12236114719798848,0.05849033181457614,0.008072560979247233,1.230982095829384,0.26691297,2.2231357296431495,0.39153839349746705
