uniform,soft uniform,spacing,sparsity,hv,inner_product,cross_angle,pbi
0.005628310493521341,-0.125099255017144,0.084107753179348,0.013200324287789549,1.2336017904237906,0.27600273,2.2304177895325017,0.3939098701142939
