uniform,soft uniform,spacing,sparsity,hv,inner_product,cross_angle,pbi
0.048867341031207566,-0.059341757723937225,0.0083601634951235,0.0035581110178999342,0.7254934542551499,0.42383075,0.4095103115850877,1.7816387355327605
