uniform,soft uniform,spacing,sparsity,hv,inner_product,cross_angle,pbi
0.0634886280292947,-0.03094077605864084,0.021110679785681076,0.0072284488626247105,0.92117486027845,0.47021009675236025,0.9583286955307164,0.5309937773355821
