uniform,soft uniform,spacing,sparsity,hv,inner_product,cross_angle,pbi
0.05452765773939084,-0.04224229081261221,0.01692110573885273,0.005665366342798794,0.9079319872079248,0.4564452355996288,2.8501264155213972,0.6408853267775128
