uniform,soft uniform,spacing,sparsity,hv,inner_product,cross_angle,pbi
0.005772591580415316,-0.1287306174045137,0.02925285090290472,0.003168712284727414,1.2060497661737133,0.24942169,3.26967608126595,0.8160840451717377
