uniform,soft uniform,spacing,sparsity,hv,inner_product,cross_angle,pbi
0.03957626752470958,-0.07003432184409256,0.0044745451975215815,0.004170767106849456,0.9886192399218192,0.382755868651257,7.541744781834734,0.7911378161466961
