uniform,soft uniform,spacing,sparsity,hv,inner_product,cross_angle,pbi
0.0005234636514781501,-0.21349964956512407,0.002873444575660828,2.555267607316406e-05,0.9408499180535734,0.42397023173892573,0.16288281661661036,0.4336310141401138
