uniform,soft uniform,spacing,sparsity,hv,inner_product,cross_angle,pbi
0.055864296841053776,-0.041305527536329344,0.01235288996584943,0.009227282827890704,1.0078269098025379,0.29870054,1.1457646702426774,1.170757383108139
