uniform,soft uniform,spacing,sparsity,hv,inner_product,cross_angle,pbi
0.00045586091188243717,-0.14193418777970207,0.0909491501260869,0.013843829144675864,1.1831955109292287,0.27353725,5.084476357884012,0.8698091447353363
