uniform,soft uniform,spacing,sparsity,hv,inner_product,cross_angle,pbi
0.030146035687897955,-0.0670792690046845,0.03328133626707828,0.005025167188221699,1.2053867360605746,0.24482588,0.7846252342860418,0.502857330441475
