uniform,soft uniform,spacing,sparsity,hv,inner_product,cross_angle,pbi
0.056967109810166484,-0.050923360196091075,0.005967566518651079,0.0042994715010056805,1.0059253667336308,0.2919137,1.1420294082866442,1.1401130974292755
