uniform,soft uniform,spacing,sparsity,hv,inner_product,cross_angle,pbi
0.0056750741107426134,-0.12757998684020266,0.08142685868860086,0.012734223334132674,1.1999655497833905,0.352115237785272,2.937136405617463,0.4580773816397798
