uniform,soft uniform,spacing,sparsity,hv,inner_product,cross_angle,pbi
0.0077037407946420325,-0.12051235063081904,0.07852328728231346,0.012354693854653646,1.236810650993264,0.27448848,1.254338767381113,0.8127889841794967
