uniform,soft uniform,spacing,sparsity,hv,inner_product,cross_angle,pbi
0.038957328557931374,-0.05736644177050594,0.015722209769555122,0.0036552725698196418,0.7273746699218122,0.40786266,1.4264172530648629,1.7187845289707184
