uniform,soft uniform,spacing,sparsity,hv,inner_product,cross_angle,pbi
0.09064080583882461,0.0012640628288627285,0.021154912007232133,0.016094995706645337,0.9246868274458342,0.4973760717047971,0.6931934491833747,0.5494543887973631
