uniform,soft uniform,spacing,sparsity,hv,inner_product,cross_angle,pbi
0.009279109471911956,-0.1202274987789163,0.07096467210806366,0.01059504734305763,1.2341171329504967,0.27367142,1.7731907345221534,0.8156646907329559
