uniform,soft uniform,spacing,sparsity,hv,inner_product,cross_angle,pbi
0.0007947134894018574,-0.20959628220350854,0.0032278849496422445,4.41173088522302e-05,1.0597962767577456,0.32341918,0.11412139579889527,0.373818295635283
