uniform,soft uniform,spacing,sparsity,hv,inner_product,cross_angle,pbi
0.0013689136183213987,-0.20649519648168582,0.003539229252246574,7.31076709456085e-05,1.0437568069657077,0.3420202,0.12903044532999416,0.3953540658578277
