uniform,soft uniform,spacing,sparsity,hv,inner_product,cross_angle,pbi
0.0062641610387001,-0.12579591427564796,0.027106516927274275,0.0030613910719256626,1.2167257078008746,0.2486213,2.795299577928223,0.8055883139371872
