uniform,soft uniform,spacing,sparsity,hv,inner_product,cross_angle,pbi
0.04243459258653436,-0.07751970326945616,0.0056308572015007705,0.0035826595783687853,1.0558458677400906,0.33500488984202403,1.9841973975223943,0.42358471085697424
