uniform,soft uniform,spacing,sparsity,hv,inner_product,cross_angle,pbi
0.0003780759334175671,-0.14871296214066893,0.00012095346921301707,3.401216773224469e-07,1.09803194701225,0.18823168,13.88363236063643,0.7396792858839035
