uniform,soft uniform,spacing,sparsity,hv,inner_product,cross_angle,pbi
0.052020241343770715,-0.05328790255125968,0.022512518796704215,0.005503076931140605,0.6890766841154773,0.6214132676846594,0.9237475980217145,0.7009059031797603
