uniform,soft uniform,spacing,sparsity,hv,inner_product,cross_angle,pbi
0.0017535293355853247,-0.158546204670272,0.0015635636407801221,0.00019292807685565726,1.156113630339604,0.2383331,0.40760567007283904,0.27836970426142216
