uniform,soft uniform,spacing,sparsity,hv,inner_product,cross_angle,pbi
0.005696151003533684,-0.10835898117085245,0.05605033328806772,0.00030736259014049413,1.216091954080836,0.22809239,0.8403078676021776,0.27422484643757344
