uniform,soft uniform,spacing,sparsity,hv,inner_product,cross_angle,pbi
0.040616017986260085,-0.02932339651579986,0.15255480760783557,0.054099343684806914,1.20414388198233,0.3641916,3.9092131575278204,0.5165997810661793
