uniform,soft uniform,spacing,sparsity,hv,inner_product,cross_angle,pbi
0.06180269935396262,-0.03871585739555112,0.019411236629931227,0.006667200013100852,0.9680151649823645,0.30798855,0.7441263649890697,1.2073470771312713
