uniform,soft uniform,spacing,sparsity,hv,inner_product,cross_angle,pbi
0.0010286861961724052,-0.21580965185956463,0.0006946164893298032,3.684331819173624e-05,1.0393587859726845,0.33348,0.09856622385506904,0.3856791300699115
