uniform,soft uniform,spacing,sparsity,hv,inner_product,cross_angle,pbi
0.0605148675622587,-0.0355541821797784,0.015090974859603987,0.01373296299676626,0.619191412092733,0.6764229817682541,0.7471307025514429,0.7493819658567594
