uniform,soft uniform,spacing,sparsity,hv,inner_product,cross_angle,pbi
0.0012248379580938958,-0.18457062696454732,0.03458054496244987,0.001946203379174258,0.9441229408242628,0.384557,3.6759998454188247,0.9066298730671406
