uniform,soft uniform,spacing,sparsity,hv,inner_product,cross_angle,pbi
0.07906960667979107,-0.013478772262324457,0.04082573913994257,0.048836461222532046,0.9077040806976984,0.5087706572331834,0.645279947923787,0.5556875507271506
