uniform,soft uniform,spacing,sparsity,hv,inner_product,cross_angle,pbi
0.0001899361768467963,-0.14810514323588478,0.0006660273386150833,4.409084680037645e-06,0.9591553740113086,0.3868596,0.757650297541798,0.47073088139295577
