uniform,soft uniform,spacing,sparsity,hv,inner_product,cross_angle,pbi
0.0003851160808240567,-0.13268147753212195,0.08566341014301232,0.015104975640509201,1.1926202474641374,0.2831412,2.838879334692168,0.876275634765625
