uniform,soft uniform,spacing,sparsity,hv,inner_product,cross_angle,pbi
0.05305336087270464,-0.028369638601316714,0.06585191645237924,0.006963464180855805,0.9429667798349233,0.4701157475124987,1.826787799411559,0.5998836572962339
