uniform,soft uniform,spacing,sparsity,hv,inner_product,cross_angle,pbi
0.04396179086622114,-0.07771184454263799,0.0018784478279139797,0.0022638829581681508,1.07541294374719,0.22325008,0.7092652019694837,0.9147647023200989
