uniform,soft uniform,spacing,sparsity,hv,inner_product,cross_angle,pbi
0.07176115724798042,-0.02405942533079425,0.03148244510713041,0.006145514581737658,0.8984506468983937,0.49783138716067776,0.5332468874510449,0.5368446552759862
