lmin,soft lmin,spacing,sparsity,hv,inner_product,cross_angle,pbi
0.02284595155467027,-0.15125840564837661,0.002971967683166037,0.0016831089767962066,0.4483993984057184,0.40582133911236945,2.780431919229108,0.7044533735019031
