uniform,soft uniform,spacing,sparsity,hv,inner_product,cross_angle,pbi
0.0016433969206089368,-0.20103591957421255,0.0038817387723807293,0.00013187858149688535,1.1018012581209546,0.30354157,0.18793769581845776,0.3516751486808062
