uniform,soft uniform,spacing,sparsity,hv,inner_product,cross_angle,pbi
6.310607987192993e-05,-0.22345810507831163,0.000451104384448206,6.629129173151092e-07,0.9508921721509839,0.39471802,0.538861498129085,0.4701677177101374
