uniform,soft uniform,spacing,sparsity,hv,inner_product,cross_angle,pbi
0.00022136889877791822,-0.1486275014732848,0.0006858281412922683,1.4679486551663623e-07,0.9570331955615103,0.3878321,0.6792981827522291,0.4188198349205777
