uniform,soft uniform,spacing,sparsity,hv,inner_product,cross_angle,pbi
0.07742743587176656,-0.031190697111486497,0.001605502496945626,0.012186382827171846,0.9037354180380434,0.4984289886764525,0.9551273755051677,0.5677018467110269
