uniform,soft uniform,spacing,sparsity,hv,inner_product,cross_angle,pbi
0.04391787640329845,-0.04489605573387695,0.01022766643260389,0.008946300250754527,1.0133072648338677,0.2888998,1.9200139528838822,1.1483075261116027
