uniform,soft uniform,spacing,sparsity,hv,inner_product,cross_angle,pbi
0.009637169645027392,-0.1594221594186032,0.023812694795283394,0.0015347491965334045,1.1690807226415623,0.2659576,0.3169688593113736,0.5652336783707141
