uniform,soft uniform,spacing,sparsity,hv,inner_product,cross_angle,pbi
0.07401536224831372,-0.02823837841738517,0.026671258884010188,0.006465800597225642,0.6054372486998806,0.7120347316702118,0.6862821327194968,0.7822883273195028
