uniform,soft uniform,spacing,sparsity,hv,inner_product,cross_angle,pbi
0.0003391204395138835,-0.12472076438083315,0.07755163504869868,0.01174327898650869,1.2212626013054542,0.27569827,2.0318346355009154,0.830562935769558
