uniform,soft uniform,spacing,sparsity,hv,inner_product,cross_angle,pbi
0.011250568125927122,-0.1597861546461494,0.021442386359775703,0.0013779040554588189,1.1686480367184984,0.2657365,0.39833063674901714,0.566078893840313
