uniform,soft uniform,spacing,sparsity,hv,inner_product,cross_angle,pbi
0.004809021226914311,-0.1258612855203593,0.027492317853438173,0.0030732042237046125,1.2158928685146773,0.24902435,2.8843323531610188,0.39853438569698485
