uniform,soft uniform,spacing,sparsity,hv,inner_product,cross_angle,pbi
0.004233333447918438,-0.12698701250186914,0.027697347266757717,0.003032712944116525,1.214129766476606,0.24831688,2.9990462944983114,0.39980916178319603
