uniform,soft uniform,spacing,sparsity,hv,inner_product,cross_angle,pbi
0.06554828838426487,-0.04008995236001185,0.0625622699580541,0.006197056117788091,0.9968291911416018,0.29311758,2.830448991279229,1.1681109189987182
