uniform,soft uniform,spacing,sparsity,hv,inner_product,cross_angle,pbi
0.03898008537864416,-0.027298671792060813,0.06671733246283404,0.005142105187438628,0.9154098764757009,0.4697448577366326,2.1983439043220456,0.6157165095519825
