uniform,soft uniform,spacing,sparsity,hv,inner_product,cross_angle,pbi
0.0027701431509087097,-0.1369580907754522,0.005361682295686216,8.599288951280587e-05,0.8430217631761864,0.42997187,10.068292746865202,1.3275015026330947
