uniform,soft uniform,spacing,sparsity,hv,inner_product,cross_angle,pbi
0.05123329458114265,-0.05495556177530721,0.011538205743768253,0.006766648270468245,0.7549637964080106,0.40696222,0.4256801436522112,1.7107206761837006
