uniform,soft uniform,spacing,sparsity,hv,inner_product,cross_angle,pbi
0.05550694737264184,-0.058817839752486056,0.003760419091174731,0.003508409386894895,0.7028160160888209,0.44203782,0.5576538782549141,1.8590947985649109
