uniform,soft uniform,spacing,sparsity,hv,inner_product,cross_angle,pbi
0.00027833670301960516,-0.1820609320448686,0.0404974433742569,0.0029385281764989883,0.9389824603711728,0.39459345,3.884474415090935,0.9299207225441932
